GeoLoc,Year,State,Pop_Est,F_Fatal,M_Fatal,O_Fatal,F_ER,M_ER,O_ER,F_HOSP,M_HOSP,O_HOSP
POINT (-86.63186076199969 32.84057112200048),2010,Alabama,4785514,44,17,61,,,,,,
POINT (-147.72205903599973 64.84507995700051),2010,Alaska,713982,,,,,,,,,
POINT (-111.76381127699972 34.865970280000454),2010,Arizona,6407342,31,27,58,22280,18335,40650,4717,3352,8073
POINT (-92.27449074299966 34.74865012400045),2010,Arkansas,2921998,29,8,37,,,,1876,962,2841
POINT (-120.99999953799971 37.63864012300047),2010,California,37319550,251,152,403,116571,96999,217637,19399,12958,34583
POINT (-106.13361092099967 38.843840757000464),2010,Colorado,5047539,33,15,48,,,,2385,1942,4336
POINT (-72.64984095199964 41.56266102000046),2010,Connecticut,3579173,30,15,45,,,,,,
POINT (-75.57774116799965 39.008830667000495),2010,Delaware,899647,,,,,,,,,
POINT (-77.036871 38.907192),2010,District of Columbia,605282,,,,,,,,,
POINT (-81.92896053899966 28.932040377000476),2010,Florida,18846143,116,61,177,81148,60447,141612,19215,10944,30170
POINT (-83.62758034599966 32.83968109300048),2010,Georgia,9712209,56,41,97,,,,,,
POINT (-157.85774940299973 21.304850435000446),2010,Hawaii,1364004,,,,3776,3544,7328,622,504,1128
POINT (-114.3637300419997 43.682630005000476),2010,Idaho,1570819,10.5,10.5,21,,,,,,
POINT (-88.99771017799969 40.48501028300046),2010,Illinois,12840545,109,74,183,,,,,,
POINT (-86.14996019399968 39.766910452000445),2010,Indiana,6490555,43,26,69,,,,,,
POINT (-93.81649055599968 42.46940091300047),2010,Iowa,3050819,25,21,46,7910,6224,14135,1379,871,2250
POINT (-98.20078122699965 38.34774030000045),2010,Kansas,2858266,20,13,33,,,,,,
POINT (-84.77497104799966 37.645970271000465),2010,Kentucky,4348464,36,8,44,15805,11526,27334,4194,2426,6621
POINT (-92.44568007099969 31.31266064400046),2010,Louisiana,4544635,20,16,36,,,,,,
POINT (-68.98503133599962 45.254228894000505),2010,Maine,1327651,,,,,,,,,
POINT (-76.60926011099963 39.29058096400047),2010,Maryland,5788784,43,28,71,30704,25360,56070,5866,3645,9514
POINT (-72.08269067499964 42.27687047000046),2010,Massachusetts,6566440,35,15,50,30352,22899,53257,6084,4046,10144
POINT (-84.71439026999968 44.6613195430005),2010,Michigan,9877597,61,44,105,,,,9798,5438,15240
POINT (-94.79420050299967 46.35564873600049),2010,Minnesota,5310934,36,37,73,,,,,,
POINT (-89.53803082499968 32.745510099000455),2010,Mississippi,2970615,27,22,49,,,,2939,1747,4688
POINT (-92.56630005299968 38.635790776000476),2010,Missouri,5996089,42,34,76,,,,,,
POINT (-109.42442064499971 47.06652897200047),2010,Montana,990730,,,,,,,,,
POINT (-99.36572062299967 41.6410409880005),2010,Nebraska,1829591,13,13,26,3785,3013,6798,837,508,1346
POINT (-117.07184056399967 39.493240390000494),2010,Nevada,2702483,13.5,13.5,27,,,,1739,1156,2904
POINT (-71.50036091999965 43.65595011300047),2010,New Hampshire,1316807,,,,,,,,,
POINT (-74.27369128799967 40.13057004800049),2010,New Jersey,8799451,49,31,80,46549,34983,81536,9361,5717,15088
POINT (-106.24058098499967 34.52088095200048),2010,New Mexico,2064614,11,11,22,,,,1048,759,1807
POINT (-75.54397042699964 42.82700103200045),2010,New York,19399956,148,135,283,124704,97340,222051,22100,14504,36604
POINT (-79.15925046299964 35.466220975000454),2010,North Carolina,9574586,66,35,101,34204,26595,60806,6539,3912,10454
POINT (-100.11842104899966 47.47531977900047),2010,North Dakota,674752,,,,,,,,,
POINT (-82.40426005599966 40.06021014100048),2010,Ohio,11539449,107,44,151,,,,,,
POINT (-97.52107021399968 35.47203135600046),2010,Oklahoma,3760014,20,14,34,,,,,,
POINT (-120.15503132599969 44.56744942400047),2010,Oregon,3837614,46,14,60,,,,1487,877,2369
POINT (-77.86070029399963 40.79373015200048),2010,Pennsylvania,12711406,84,48,132,,,,,,
POINT (-71.52247031399963 41.70828019300046),2010,Rhode Island,1053994,,,,4585,3260,7845,960,623,1585
POINT (-81.04537120699968 33.998821303000454),2010,South Carolina,4635846,46,20,66,13199,10871,24076,3817,2259,6076
POINT (-100.3735306369997 44.353130053000484),2010,South Dakota,816193,,,,,,,347,227,574
POINT (-85.77449091399967 35.68094058000048),2010,Tennessee,6355518,45,22,67,,,,,,
POINT (-99.42677020599967 31.827240407000488),2010,Texas,25241897,111,81,192,,,,,,
POINT (-111.58713063499971 39.360700171000474),2010,Utah,2775413,24,4,28,4473,3386,7867,834,662,1515
POINT (-72.51764079099962 43.62538123900049),2010,Vermont,625886,,,,,,,183,112,295
POINT (-78.45789046299967 37.54268067400045),2010,Virginia,8024004,43,26,69,,,,,,
POINT (-120.47001078999972 47.52227862900048),2010,Washington,6743009,48,27,75,,,,2914,1968,4889
POINT (-80.71264013499967 38.66551020200046),2010,West Virginia,1854265,12,12,24,,,,1934,885,2820
POINT (-89.81637074199966 44.39319117400049),2010,Wisconsin,5690538,40,23,63,17326,13172,30501,2932,1967,4902
POINT (-108.10983035299967 43.23554134300048),2010,Wyoming,564531,,,,,,,,,
POINT (-86.63186076199969 32.84057112200048),2011,Alabama,4799642,22,14,36,,,,,,
POINT (-147.72205903599973 64.84507995700051),2011,Alaska,722349,,,,,,,,,
POINT (-111.76381127699972 34.865970280000454),2011,Arizona,6473416,63,29,92,,,,,,
POINT (-92.27449074299966 34.74865012400045),2011,Arkansas,2941038,31,15,46,,,,,,
POINT (-120.99999953799971 37.63864012300047),2011,California,37636311,241,162,403,,,,,,
POINT (-106.13361092099967 38.843840757000464),2011,Colorado,5121900,22,20,42,,,,,,
POINT (-72.64984095199964 41.56266102000046),2011,Connecticut,3588632,12,12,24,,,,,,
POINT (-75.57774116799965 39.008830667000495),2011,Delaware,907590,,,,,,,,,
POINT (-77.036871 38.907192),2011,District of Columbia,620290,,,,,,,,,
POINT (-81.92896053899966 28.932040377000476),2011,Florida,19055607,94,54,148,,,,,,
POINT (-83.62758034599966 32.83968109300048),2011,Georgia,9803630,52,44,96,,,,,,
POINT (-157.85774940299973 21.304850435000446),2011,Hawaii,1379562,13,13,26,,,,,,
POINT (-114.3637300419997 43.682630005000476),2011,Idaho,1584272,,,,,,,,,
POINT (-88.99771017799969 40.48501028300046),2011,Illinois,12867783,91,85,176,,,,,,
POINT (-86.14996019399968 39.766910452000445),2011,Indiana,6517250,47,26,73,,,,,,
POINT (-93.81649055599968 42.46940091300047),2011,Iowa,3066772,31,12,43,,,,,,
POINT (-98.20078122699965 38.34774030000045),2011,Kansas,2869677,12.5,12.5,25,,,,,,
POINT (-84.77497104799966 37.645970271000465),2011,Kentucky,4370817,23,10,33,,,,,,
POINT (-92.44568007099969 31.31266064400046),2011,Louisiana,4576244,24,13,37,,,,,,
POINT (-68.98503133599962 45.254228894000505),2011,Maine,1328473,,,,,,,,,
POINT (-76.60926011099963 39.29058096400047),2011,Maryland,5840241,44,27,71,,,,,,
POINT (-72.08269067499964 42.27687047000046),2011,Massachusetts,6614218,45,24,69,,,,,,
POINT (-84.71439026999968 44.6613195430005),2011,Michigan,9883053,70,43,113,,,,,,
POINT (-94.79420050299967 46.35564873600049),2011,Minnesota,5346620,40,20,60,,,,,,
POINT (-89.53803082499968 32.745510099000455),2011,Mississippi,2979147,33,21,54,,,,,,
POINT (-92.56630005299968 38.635790776000476),2011,Missouri,6011182,30,18,48,,,,,,
POINT (-109.42442064499971 47.06652897200047),2011,Montana,997518,,,,,,,,,
POINT (-99.36572062299967 41.6410409880005),2011,Nebraska,1840914,20,12,32,,,,,,
POINT (-117.07184056399967 39.493240390000494),2011,Nevada,2713114,10,10,20,,,,,,
POINT (-71.50036091999965 43.65595011300047),2011,New Hampshire,1320444,,,,,,,,,
POINT (-74.27369128799967 40.13057004800049),2011,New Jersey,8828552,62,32,94,,,,,,
POINT (-106.24058098499967 34.52088095200048),2011,New Mexico,2080707,13,13,26,,,,,,
POINT (-75.54397042699964 42.82700103200045),2011,New York,19499921,141,116,257,,,,,,
POINT (-79.15925046299964 35.466220975000454),2011,North Carolina,9658913,64,35,99,,,,,,
POINT (-100.11842104899966 47.47531977900047),2011,North Dakota,685526,,,,,,,,,
POINT (-82.40426005599966 40.06021014100048),2011,Ohio,11545735,84,43,127,,,,,,
POINT (-97.52107021399968 35.47203135600046),2011,Oklahoma,3788824,31,13,44,,,,,,
POINT (-120.15503132599969 44.56744942400047),2011,Oregon,3872672,35,11,46,,,,,,
POINT (-77.86070029399963 40.79373015200048),2011,Pennsylvania,12747052,84,47,131,,,,,,
POINT (-71.52247031399963 41.70828019300046),2011,Rhode Island,1053829,,,,,,,,,
POINT (-81.04537120699968 33.998821303000454),2011,South Carolina,4672655,51,19,70,,,,,,
POINT (-100.3735306369997 44.353130053000484),2011,South Dakota,823740,10,10,20,,,,,,
POINT (-85.77449091399967 35.68094058000048),2011,Tennessee,6400298,44,25,69,,,,,,
POINT (-99.42677020599967 31.827240407000488),2011,Texas,25645504,119,76,195,,,,,,
POINT (-111.58713063499971 39.360700171000474),2011,Utah,2814797,29,15,44,,,,,,
POINT (-72.51764079099962 43.62538123900049),2011,Vermont,627197,,,,,,,,,
POINT (-78.45789046299967 37.54268067400045),2011,Virginia,8102437,54,35,89,,,,,,
POINT (-120.47001078999972 47.52227862900048),2011,Washington,6827479,47,35,82,,,,,,
POINT (-80.71264013499967 38.66551020200046),2011,West Virginia,1856606,11,11,22,,,,,,
POINT (-89.81637074199966 44.39319117400049),2011,Wisconsin,5705840,42,22,64,,,,,,
POINT (-108.10983035299967 43.23554134300048),2011,Wyoming,567491,,,,,,,,,
POINT (-86.63186076199969 32.84057112200048),2012,Alabama,4816632,37,20,57,,,,,,
POINT (-147.72205903599973 64.84507995700051),2012,Alaska,730810,,,,,,,,,
POINT (-111.76381127699972 34.865970280000454),2012,Arizona,6556344,49,31,80,,,,,,
POINT (-92.27449074299966 34.74865012400045),2012,Arkansas,2952876,15,15,30,,,,,,
POINT (-120.99999953799971 37.63864012300047),2012,California,37944551,252,132,384,,,,,,
POINT (-106.13361092099967 38.843840757000464),2012,Colorado,5193660,34,21,55,,,,,,
POINT (-72.64984095199964 41.56266102000046),2012,Connecticut,3595211,25,14,39,,,,,,
POINT (-75.57774116799965 39.008830667000495),2012,Delaware,915518,,,,,,,,,
POINT (-77.036871 38.907192),2012,District of Columbia,635737,,,,,,,,,
POINT (-81.92896053899966 28.932040377000476),2012,Florida,19302016,121,74,195,,,,,,
POINT (-83.62758034599966 32.83968109300048),2012,Georgia,9903580,56,37,93,,,,,,
POINT (-157.85774940299973 21.304850435000446),2012,Hawaii,1395199,,,,,,,,,
POINT (-114.3637300419997 43.682630005000476),2012,Idaho,1595910,10.5,10.5,21,,,,,,
POINT (-88.99771017799969 40.48501028300046),2012,Illinois,12883029,99,75,174,,,,,,
POINT (-86.14996019399968 39.766910452000445),2012,Indiana,6538989,46,26,72,,,,,,
POINT (-93.81649055599968 42.46940091300047),2012,Iowa,3076844,22,13,35,,,,,,
POINT (-98.20078122699965 38.34774030000045),2012,Kansas,2886024,13,13,26,,,,,,
POINT (-84.77497104799966 37.645970271000465),2012,Kentucky,4387865,12.5,12.5,25,,,,,,
POINT (-92.44568007099969 31.31266064400046),2012,Louisiana,4602067,19,21,40,,,,,,
POINT (-68.98503133599962 45.254228894000505),2012,Maine,1328094,,,,,,,,,
POINT (-76.60926011099963 39.29058096400047),2012,Maryland,5888375,51,40,91,,,,,,
POINT (-72.08269067499964 42.27687047000046),2012,Massachusetts,6664269,35,23,58,,,,,,
POINT (-84.71439026999968 44.6613195430005),2012,Michigan,9898289,69,38,107,,,,,,
POINT (-94.79420050299967 46.35564873600049),2012,Minnesota,5377500,44,28,72,,,,,,
POINT (-89.53803082499968 32.745510099000455),2012,Mississippi,2984599,22,23,45,,,,,,
POINT (-92.56630005299968 38.635790776000476),2012,Missouri,6026027,47,28,75,,,,,,
POINT (-109.42442064499971 47.06652897200047),2012,Montana,1004168,,,,,,,,,
POINT (-99.36572062299967 41.6410409880005),2012,Nebraska,1853691,13,13,26,,,,,,
POINT (-117.07184056399967 39.493240390000494),2012,Nevada,2744670,10,10,20,,,,,,
POINT (-71.50036091999965 43.65595011300047),2012,New Hampshire,1324677,,,,,,,,,
POINT (-74.27369128799967 40.13057004800049),2012,New Jersey,8845671,63,40,103,,,,,,
POINT (-106.24058098499967 34.52088095200048),2012,New Mexico,2087715,13.5,13.5,27,,,,,,
POINT (-75.54397042699964 42.82700103200045),2012,New York,19574362,157,127,284,,,,,,
POINT (-79.15925046299964 35.466220975000454),2012,North Carolina,9751810,85,38,123,,,,,,
POINT (-100.11842104899966 47.47531977900047),2012,North Dakota,702227,,,,,,,,,
POINT (-82.40426005599966 40.06021014100048),2012,Ohio,11550971,98,47,145,,,,,,
POINT (-97.52107021399968 35.47203135600046),2012,Oklahoma,3819320,35,19,54,,,,,,
POINT (-120.15503132599969 44.56744942400047),2012,Oregon,3900102,37,19,56,,,,,,
POINT (-77.86070029399963 40.79373015200048),2012,Pennsylvania,12769123,95,51,146,,,,,,
POINT (-71.52247031399963 41.70828019300046),2012,Rhode Island,1054893,,,,,,,,,
POINT (-81.04537120699968 33.998821303000454),2012,South Carolina,4719027,44,37,81,,,,,,
POINT (-100.3735306369997 44.353130053000484),2012,South Dakota,833859,,,,,,,,,
POINT (-85.77449091399967 35.68094058000048),2012,Tennessee,6455752,34,24,58,,,,,,
POINT (-99.42677020599967 31.827240407000488),2012,Texas,26084120,122,84,206,,,,,,
POINT (-111.58713063499971 39.360700171000474),2012,Utah,2854146,14,14,28,,,,,,
POINT (-72.51764079099962 43.62538123900049),2012,Vermont,626361,,,,,,,,,
POINT (-78.45789046299967 37.54268067400045),2012,Virginia,8187456,68,39,107,,,,,,
POINT (-120.47001078999972 47.52227862900048),2012,Washington,6898599,53,24,77,,,,,,
POINT (-80.71264013499967 38.66551020200046),2012,West Virginia,1857446,,,,,,,,,
POINT (-89.81637074199966 44.39319117400049),2012,Wisconsin,5720825,52,26,78,,,,,,
POINT (-108.10983035299967 43.23554134300048),2012,Wyoming,576656,,,,,,,,,
POINT (-86.63186076199969 32.84057112200048),2013,Alabama,4831586,27,15,42,,,,,,
POINT (-147.72205903599973 64.84507995700051),2013,Alaska,737626,,,,,,,,,
POINT (-111.76381127699972 34.865970280000454),2013,Arizona,6634690,59,39,98,16487,14867,31357,3538,2468,6008
POINT (-92.27449074299966 34.74865012400045),2013,Arkansas,2960459,20,16,36,,,,1492,787,2283
POINT (-120.99999953799971 37.63864012300047),2013,California,38253768,258,152,410,,,,,,
POINT (-106.13361092099967 38.843840757000464),2013,Colorado,5270774,35,16,51,,,,2001,1676,3684
POINT (-72.64984095199964 41.56266102000046),2013,Connecticut,3595792,23,13,36,,,,,,
POINT (-75.57774116799965 39.008830667000495),2013,Delaware,924062,,,,,,,,,
POINT (-77.036871 38.907192),2013,District of Columbia,651559,,,,,,,,,
POINT (-81.92896053899966 28.932040377000476),2013,Florida,19551678,109,79,188,69720,56463,126267,18303,10459,28769
POINT (-83.62758034599966 32.83968109300048),2013,Georgia,9975592,63,38,101,,,,,,
POINT (-157.85774940299973 21.304850435000446),2013,Hawaii,1408822,12,12,24,,,,643,503,1254
POINT (-114.3637300419997 43.682630005000476),2013,Idaho,1612053,11.5,11.5,23,,,,,,
POINT (-88.99771017799969 40.48501028300046),2013,Illinois,12895778,112,80,192,,,,,,
POINT (-86.14996019399968 39.766910452000445),2013,Indiana,6570575,53,16,69,,,,,,
POINT (-93.81649055599968 42.46940091300047),2013,Iowa,3093935,23,13,36,5966,5097,11065,1163,735,1898
POINT (-98.20078122699965 38.34774030000045),2013,Kansas,2894306,20,12,32,,,,,,
POINT (-84.77497104799966 37.645970271000465),2013,Kentucky,4406906,27,9,36,12459,9567,22037,3211,1765,4976
POINT (-92.44568007099969 31.31266064400046),2013,Louisiana,4626040,30,26,56,,,,,,
POINT (-68.98503133599962 45.254228894000505),2013,Maine,1328543,,,,,,,,,
POINT (-76.60926011099963 39.29058096400047),2013,Maryland,5925197,50,21,71,,,,,,
POINT (-72.08269067499964 42.27687047000046),2013,Massachusetts,6715158,49,18,67,,,,,,
POINT (-84.71439026999968 44.6613195430005),2013,Michigan,9914802,67,43,110,,,,7892,4486,12383
POINT (-94.79420050299967 46.35564873600049),2013,Minnesota,5414722,48,31,79,,,,,,
POINT (-89.53803082499968 32.745510099000455),2013,Mississippi,2989839,29,32,61,,,,,,
POINT (-92.56630005299968 38.635790776000476),2013,Missouri,6042989,30,23,53,,,,,,
POINT (-109.42442064499971 47.06652897200047),2013,Montana,1014158,,,,,,,,,
POINT (-99.36572062299967 41.6410409880005),2013,Nebraska,1865813,12.5,12.5,25,2941,2450,5391,672,389,1061
POINT (-117.07184056399967 39.493240390000494),2013,Nevada,2776956,13.5,13.5,27,7439,6211,13652,1547,1016,2564
POINT (-71.50036091999965 43.65595011300047),2013,New Hampshire,1327272,,,,,,,,,
POINT (-74.27369128799967 40.13057004800049),2013,New Jersey,8857821,73,61,134,36215,30003,66250,8612,5347,13965
POINT (-106.24058098499967 34.52088095200048),2013,New Mexico,2092833,,,,,,,1036,805,1843
POINT (-75.54397042699964 42.82700103200045),2013,New York,19626488,160,123,283,96430,83146,179657,19982,13597,33579
POINT (-79.15925046299964 35.466220975000454),2013,North Carolina,9846717,70,42,112,27959,24084,52550,5585,3453,9040
POINT (-100.11842104899966 47.47531977900047),2013,North Dakota,723149,,,,,,,,,
POINT (-82.40426005599966 40.06021014100048),2013,Ohio,11579692,80,50,130,,,,,,
POINT (-97.52107021399968 35.47203135600046),2013,Oklahoma,3853891,27,23,50,,,,,,
POINT (-120.15503132599969 44.56744942400047),2013,Oregon,3924110,42,20,62,,,,1205,760,1965
POINT (-77.86070029399963 40.79373015200048),2013,Pennsylvania,12779538,110,47,157,,,,,,
POINT (-71.52247031399963 41.70828019300046),2013,Rhode Island,1055560,,,,,,,,,
POINT (-81.04537120699968 33.998821303000454),2013,South Carolina,4766469,36,25,61,16662,13480,30142,3482,2037,5519
POINT (-100.3735306369997 44.353130053000484),2013,South Dakota,842751,,,,,,,303,210,513
POINT (-85.77449091399967 35.68094058000048),2013,Tennessee,6496943,38,24,62,,,,,,
POINT (-99.42677020599967 31.827240407000488),2013,Texas,26479646,124,89,213,,,,,,
POINT (-111.58713063499971 39.360700171000474),2013,Utah,2898773,20,11,31,,,,,,
POINT (-72.51764079099962 43.62538123900049),2013,Vermont,626603,,,,1410,1134,2545,209,105,314
POINT (-78.45789046299967 37.54268067400045),2013,Virginia,8255861,59,28,87,,,,,,
POINT (-120.47001078999972 47.52227862900048),2013,Washington,6966252,47,40,87,,,,2358,1616,3974
POINT (-80.71264013499967 38.66551020200046),2013,West Virginia,1854768,15,15,30,,,,1444,694,2140
POINT (-89.81637074199966 44.39319117400049),2013,Wisconsin,5738012,48,27,75,12781,10915,23701,2969,1934,4906
POINT (-108.10983035299967 43.23554134300048),2013,Wyoming,582620,,,,,,,,,
POINT (-86.63186076199969 32.84057112200048),2014,Alabama,4843737,35,22,57,,,,,,
POINT (-147.72205903599973 64.84507995700051),2014,Alaska,737075,,,,,,,,,
POINT (-111.76381127699972 34.865970280000454),2014,Arizona,6732873,53,33,86,17422,15277,32699,3408,2294,5702
POINT (-92.27449074299966 34.74865012400045),2014,Arkansas,2968759,16.5,16.5,33,7350,6260,13610,1559,916,2475
POINT (-120.99999953799971 37.63864012300047),2014,California,38586706,259,148,407,,,,,,
POINT (-106.13361092099967 38.843840757000464),2014,Colorado,5352637,29,12,41,,,,2083,1948,4031
POINT (-72.64984095199964 41.56266102000046),2014,Connecticut,3595697,21,15,36,,,,,,
POINT (-75.57774116799965 39.008830667000495),2014,Delaware,933131,,,,,,,,,
POINT (-77.036871 38.907192),2014,District of Columbia,663603,,,,,,,895,473,1368
POINT (-81.92896053899966 28.932040377000476),2014,Florida,19853880,114,77,191,73295,58264,131559,18202,9916,28118
POINT (-83.62758034599966 32.83968109300048),2014,Georgia,10071204,58,38,96,35066,30197,65263,5681,3376,9057
POINT (-157.85774940299973 21.304850435000446),2014,Hawaii,1415335,12,12,24,4298,4228,8526,616,476,1092
POINT (-114.3637300419997 43.682630005000476),2014,Idaho,1632248,11,11,22,,,,,,
POINT (-88.99771017799969 40.48501028300046),2014,Illinois,12885092,107,60,167,,,,,,
POINT (-86.14996019399968 39.766910452000445),2014,Indiana,6596019,38,35,73,,,,,,
POINT (-93.81649055599968 42.46940091300047),2014,Iowa,3110643,38,16,54,6342,5484,11826,1148,741,1889
POINT (-98.20078122699965 38.34774030000045),2014,Kansas,2901861,21,6,27,,,,,,
POINT (-84.77497104799966 37.645970271000465),2014,Kentucky,4416992,23,12,35,12730,9683,22413,3158,1619,4777
POINT (-92.44568007099969 31.31266064400046),2014,Louisiana,4645938,36,25,61,,,,,,
POINT (-68.98503133599962 45.254228894000505),2014,Maine,1331217,,,,,,,,,
POINT (-76.60926011099963 39.29058096400047),2014,Maryland,5960064,58,29,87,24552,21557,46109,4715,3080,7795
POINT (-72.08269067499964 42.27687047000046),2014,Massachusetts,6764864,45,31,76,,,,,,
POINT (-84.71439026999968 44.6613195430005),2014,Michigan,9932033,56,38,94,,,,8094,4726,12820
POINT (-94.79420050299967 46.35564873600049),2014,Minnesota,5452665,37,29,66,11288,10526,21814,1938,1359,3297
POINT (-89.53803082499968 32.745510099000455),2014,Mississippi,2991892,39,9,48,,,,,,
POINT (-92.56630005299968 38.635790776000476),2014,Missouri,6059130,55,34,89,,,,,,
POINT (-109.42442064499971 47.06652897200047),2014,Montana,1022657,,,,,,,,,
POINT (-99.36572062299967 41.6410409880005),2014,Nebraska,1879955,21,9,30,3226,2839,6065,688,423,1111
POINT (-117.07184056399967 39.493240390000494),2014,Nevada,2818935,12.5,12.5,25,7642,6449,14091,1291,926,2217
POINT (-71.50036091999965 43.65595011300047),2014,New Hampshire,1334257,,,,,,,,,
POINT (-74.27369128799967 40.13057004800049),2014,New Jersey,8867277,59,52,111,36441,29717,66158,8283,5278,13561
POINT (-106.24058098499967 34.52088095200048),2014,New Mexico,2090236,14,14,28,,,,1055,828,1883
POINT (-75.54397042699964 42.82700103200045),2014,New York,19653431,178,124,302,,,,19619,13683,33302
POINT (-79.15925046299964 35.466220975000454),2014,North Carolina,9937295,67,39,106,31816,26514,58330,5522,3463,8985
POINT (-100.11842104899966 47.47531977900047),2014,North Dakota,738736,,,,,,,,,
POINT (-82.40426005599966 40.06021014100048),2014,Ohio,11606573,74,42,116,,,,,,
POINT (-97.52107021399968 35.47203135600046),2014,Oklahoma,3879187,34,22,56,,,,,,
POINT (-120.15503132599969 44.56744942400047),2014,Oregon,3965447,50,27,77,,,,1282,798,2080
POINT (-77.86070029399963 40.79373015200048),2014,Pennsylvania,12792392,96,53,149,,,,,,
POINT (-71.52247031399963 41.70828019300046),2014,Rhode Island,1056511,,,,3378,2487,5865,851,462,1313
POINT (-81.04537120699968 33.998821303000454),2014,South Carolina,4826858,52,22,74,,,,,,
POINT (-100.3735306369997 44.353130053000484),2014,South Dakota,849670,,,,,,,380,282,662
POINT (-85.77449091399967 35.68094058000048),2014,Tennessee,6544617,40,24,64,,,,,,
POINT (-99.42677020599967 31.827240407000488),2014,Texas,26963092,125,87,212,,,,,,
POINT (-111.58713063499971 39.360700171000474),2014,Utah,2938327,15.5,15.5,31,3923,3381,7304,840,695,1535
POINT (-72.51764079099962 43.62538123900049),2014,Vermont,625693,,,,1442,1041,2483,147,96,243
POINT (-78.45789046299967 37.54268067400045),2014,Virginia,8315430,66,37,103,,,,,,
POINT (-120.47001078999972 47.52227862900048),2014,Washington,7057531,57,36,93,,,,2314,1551,3865
POINT (-80.71264013499967 38.66551020200046),2014,West Virginia,1850569,,,,,,,1318,650,1968
POINT (-89.81637074199966 44.39319117400049),2014,Wisconsin,5753199,53,24,77,14663,12060,26723,3129,2004,5133
POINT (-108.10983035299967 43.23554134300048),2014,Wyoming,583159,,,,,,,,,
POINT (-86.63186076199969 32.84057112200048),2015,Alabama,4854803,30,22,52,,,,,,
POINT (-147.72205903599973 64.84507995700051),2015,Alaska,738430,,,,,,,,,
POINT (-111.76381127699972 34.865970280000454),2015,Arizona,6832810,49,27,76,12737,11051,23788,2326,1669,3995
POINT (-92.27449074299966 34.74865012400045),2015,Arkansas,2979732,15,15,30,5159,4405,9564,1015,571,1586
POINT (-120.99999953799971 37.63864012300047),2015,California,38904296,241,152,393,,,,,,
POINT (-106.13361092099967 38.843840757000464),2015,Colorado,5454328,28,18,46,,,,1433,1130,2563
POINT (-72.64984095199964 41.56266102000046),2015,Connecticut,3588561,34,14,48,,,,,,
POINT (-75.57774116799965 39.008830667000495),2015,Delaware,942065,,,,,,,,,
POINT (-77.036871 38.907192),2015,District of Columbia,677014,,,,,,,596,338,934
POINT (-81.92896053899966 28.932040377000476),2015,Florida,20219111,110,65,175,53377,41641,95018,13323,6927,20250
POINT (-83.62758034599966 32.83968109300048),2015,Georgia,10183353,49,43,92,,,,,,
POINT (-157.85774940299973 21.304850435000446),2015,Hawaii,1422999,,,,3338,3087,6425,537,398,935
POINT (-114.3637300419997 43.682630005000476),2015,Idaho,1652495,10.5,10.5,21,,,,,,
POINT (-88.99771017799969 40.48501028300046),2015,Illinois,12859585,93,64,157,,,,,,
POINT (-86.14996019399968 39.766910452000445),2015,Indiana,6611442,60,30,90,,,,,,
POINT (-93.81649055599968 42.46940091300047),2015,Iowa,3122541,25,16,41,4854,3872,8726,867,486,1353
POINT (-98.20078122699965 38.34774030000045),2015,Kansas,2910717,14.5,14.5,29,,,,,,
POINT (-84.77497104799966 37.645970271000465),2015,Kentucky,4429126,28,10,38,9087,6920,16007,2144,1061,3205
POINT (-92.44568007099969 31.31266064400046),2015,Louisiana,4666998,20,27,47,,,,,,
POINT (-68.98503133599962 45.254228894000505),2015,Maine,1329098,,,,,,,,,
POINT (-76.60926011099963 39.29058096400047),2015,Maryland,5988528,46,33,79,16635,14517,31152,3237,1928,5165
POINT (-72.08269067499964 42.27687047000046),2015,Massachusetts,6797484,58,26,84,15765,12970,28735,3757,2172,5929
POINT (-84.71439026999968 44.6613195430005),2015,Michigan,9934483,62,50,112,,,,6167,3181,9348
POINT (-94.79420050299967 46.35564873600049),2015,Minnesota,5484002,45,16,61,7697,7108,14805,1282,882,2164
POINT (-89.53803082499968 32.745510099000455),2015,Mississippi,2990231,25,27,52,,,,,,
POINT (-92.56630005299968 38.635790776000476),2015,Missouri,6075411,40,32,72,,,,,,
POINT (-109.42442064499971 47.06652897200047),2015,Montana,1031495,,,,,,,,,
POINT (-99.36572062299967 41.6410409880005),2015,Nebraska,1892059,20,16,36,2374,2099,4473,554,287,841
POINT (-117.07184056399967 39.493240390000494),2015,Nevada,2868531,12,12,24,5948,5205,11153,1027,677,1704
POINT (-71.50036091999965 43.65595011300047),2015,New Hampshire,1337480,,,,,,,,,
POINT (-74.27369128799967 40.13057004800049),2015,New Jersey,8870312,75,41,116,25815,21155,46970,5693,3334,9027
POINT (-106.24058098499967 34.52088095200048),2015,New Mexico,2090071,13,13,26,,,,672,574,1246
POINT (-75.54397042699964 42.82700103200045),2015,New York,19657321,189,106,295,,,,,,
POINT (-79.15925046299964 35.466220975000454),2015,North Carolina,10037218,56,40,96,22307,17699,40006,4134,2281,6415
POINT (-100.11842104899966 47.47531977900047),2015,North Dakota,755537,,,,,,,,,
POINT (-82.40426005599966 40.06021014100048),2015,Ohio,11622315,97,62,159,,,,,,
POINT (-97.52107021399968 35.47203135600046),2015,Oklahoma,3910518,37,15,52,,,,,,
POINT (-120.15503132599969 44.56744942400047),2015,Oregon,4018542,38,15,53,,,,935,616,1551
POINT (-77.86070029399963 40.79373015200048),2015,Pennsylvania,12789838,111,44,155,,,,,,
POINT (-71.52247031399963 41.70828019300046),2015,Rhode Island,1056886,,,,2311,1739,4050,677,334,1011
POINT (-81.04537120699968 33.998821303000454),2015,South Carolina,4896006,32,25,57,11522,9081,20603,2123,1160,3283
POINT (-100.3735306369997 44.353130053000484),2015,South Dakota,854663,,,,,,,278,193,471
POINT (-85.77449091399967 35.68094058000048),2015,Tennessee,6595354,34,30,64,,,,,,
POINT (-99.42677020599967 31.827240407000488),2015,Texas,27468531,142,99,241,,,,,,
POINT (-111.58713063499971 39.360700171000474),2015,Utah,2983626,25,15,40,,,,,,
POINT (-72.51764079099962 43.62538123900049),2015,Vermont,625810,,,,1063,784,1847,144,67,211
POINT (-78.45789046299967 37.54268067400045),2015,Virginia,8367303,59,31,90,,,,,,
POINT (-120.47001078999972 47.52227862900048),2015,Washington,7167287,54,34,88,,,,1674,1055,2729
POINT (-80.71264013499967 38.66551020200046),2015,West Virginia,1843332,12.5,12.5,25,,,,925,416,1341
POINT (-89.81637074199966 44.39319117400049),2015,Wisconsin,5762927,37,29,66,10554,8664,19218,2114,1273,3387
POINT (-108.10983035299967 43.23554134300048),2015,Wyoming,586389,,,,,,,,,
POINT (-86.63186076199969 32.84057112200048),2016,Alabama,4866824,28,20,48,,,,,,
POINT (-147.72205903599973 64.84507995700051),2016,Alaska,742575,,,,,,,,,
POINT (-111.76381127699972 34.865970280000454),2016,Arizona,6944767,68,40,108,15727,13961,29688,1885,1532,3417
POINT (-92.27449074299966 34.74865012400045),2016,Arkansas,2991815,28,17,45,6341,5285,11626,827,554,1381
POINT (-120.99999953799971 37.63864012300047),2016,California,39149186,240,151,391,,,,,,
POINT (-106.13361092099967 38.843840757000464),2016,Colorado,5543844,32,14,46,,,,1287,1132,2419
POINT (-72.64984095199964 41.56266102000046),2016,Connecticut,3579830,23,21,44,,,,,,
POINT (-75.57774116799965 39.008830667000495),2016,Delaware,949989,,,,,,,,,
POINT (-77.036871 38.907192),2016,District of Columbia,687576,,,,,,,529,350,879
POINT (-81.92896053899966 28.932040377000476),2016,Florida,20627237,124,60,184,63556,53487,117043,9518,5970,15488
POINT (-83.62758034599966 32.83968109300048),2016,Georgia,10308442,56,37,93,,,,,,
POINT (-157.85774940299973 21.304850435000446),2016,Hawaii,1428885,,,,,,,,,
POINT (-114.3637300419997 43.682630005000476),2016,Idaho,1684036,10.5,10.5,21,,,,,,
POINT (-88.99771017799969 40.48501028300046),2016,Illinois,12821709,82,67,149,,,,,,
POINT (-86.14996019399968 39.766910452000445),2016,Indiana,6637898,34,21,55,,,,,,
POINT (-93.81649055599968 42.46940091300047),2016,Iowa,3133210,17,17,34,5303,4495,9798,615,399,1014
POINT (-98.20078122699965 38.34774030000045),2016,Kansas,2912977,30,11,41,,,,,,
POINT (-84.77497104799966 37.645970271000465),2016,Kentucky,4440306,33,15,48,9750,8086,17836,1206,731,1937
POINT (-92.44568007099969 31.31266064400046),2016,Louisiana,4681346,22,20,42,,,,,,
POINT (-68.98503133599962 45.254228894000505),2016,Maine,1332348,,,,,,,265,149,414
POINT (-76.60926011099963 39.29058096400047),2016,Maryland,6007014,47,32,79,19238,18435,37673,2266,1763,4029
POINT (-72.08269067499964 42.27687047000046),2016,Massachusetts,6827280,57,29,86,,,,3113,2050,5163
POINT (-84.71439026999968 44.6613195430005),2016,Michigan,9954117,64,29,93,,,,3546,2227,5773
POINT (-94.79420050299967 46.35564873600049),2016,Minnesota,5525360,43,33,76,9560,8557,18117,1034,800,1834
POINT (-89.53803082499968 32.745510099000455),2016,Mississippi,2990595,38,27,65,,,,1217,853,2070
POINT (-92.56630005299968 38.635790776000476),2016,Missouri,6091384,40,33,73,,,,,,
POINT (-109.42442064499971 47.06652897200047),2016,Montana,1042137,,,,,,,,,
POINT (-99.36572062299967 41.6410409880005),2016,Nebraska,1906483,21,7,28,2644,2489,5133,288,168,456
POINT (-117.07184056399967 39.493240390000494),2016,Nevada,2919555,21,16,37,7337,6656,13993,874,773,1647
POINT (-71.50036091999965 43.65595011300047),2016,New Hampshire,1343694,,,,,,,,,
POINT (-74.27369128799967 40.13057004800049),2016,New Jersey,8873584,58,44,102,31488,26377,57865,4587,2948,7535
POINT (-106.24058098499967 34.52088095200048),2016,New Mexico,2092555,13.5,13.5,27,,,,,,
POINT (-75.54397042699964 42.82700103200045),2016,New York,19636391,154,119,273,84178,74041,158219,12082,8941,21023
POINT (-79.15925046299964 35.466220975000454),2016,North Carolina,10161802,59,44,103,26801,22937,49738,2954,1960,4914
POINT (-100.11842104899966 47.47531977900047),2016,North Dakota,756114,,,,,,,,,
POINT (-82.40426005599966 40.06021014100048),2016,Ohio,11640060,85,48,133,,,,,,
POINT (-97.52107021399968 35.47203135600046),2016,Oklahoma,3928143,29,14,43,,,,,,
POINT (-120.15503132599969 44.56744942400047),2016,Oregon,4093271,44,31,75,,,,679,467,1146
POINT (-77.86070029399963 40.79373015200048),2016,Pennsylvania,12788468,86,42,128,,,,,,
POINT (-71.52247031399963 41.70828019300046),2016,Rhode Island,1057816,,,,2767,2243,5010,452,281,733
POINT (-81.04537120699968 33.998821303000454),2016,South Carolina,4963031,44,16,60,,,,,,
POINT (-100.3735306369997 44.353130053000484),2016,South Dakota,863693,,,,,,,197,133,330
POINT (-85.77449091399967 35.68094058000048),2016,Tennessee,6651277,52,26,78,,,,,,
POINT (-99.42677020599967 31.827240407000488),2016,Texas,27914064,130,66,196,,,,,,
POINT (-111.58713063499971 39.360700171000474),2016,Utah,3044241,22,14,36,,,,,,
POINT (-72.51764079099962 43.62538123900049),2016,Vermont,624366,,,,1197,920,2117,86,54,140
POINT (-78.45789046299967 37.54268067400045),2016,Virginia,8417651,48,33,81,,,,,,
POINT (-120.47001078999972 47.52227862900048),2016,Washington,7299961,51,27,78,,,,1412,972,2384
POINT (-80.71264013499967 38.66551020200046),2016,West Virginia,1832435,12.5,12.5,25,,,,428,272,700
POINT (-89.81637074199966 44.39319117400049),2016,Wisconsin,5775170,37,29,66,12052,9992,22044,1288,688,1976
POINT (-108.10983035299967 43.23554134300048),2016,Wyoming,585243,,,,,,,,,
POINT (-86.63186076199969 32.84057112200048),2017,Alabama,4877989,45,29,74,,,,,,
POINT (-147.72205903599973 64.84507995700051),2017,Alaska,740983,,,,,,,150,100,250
POINT (-111.76381127699972 34.865970280000454),2017,Arizona,7048088,61,31,92,14602,13497,28099,1719,1438,3157
POINT (-92.27449074299966 34.74865012400045),2017,Arkansas,3003855,16,16,32,,,,,,
POINT (-120.99999953799971 37.63864012300047),2017,California,39337785,257,142,399,,,,,,
POINT (-106.13361092099967 38.843840757000464),2017,Colorado,5617421,31,15,46,,,,1214,1162,2376
POINT (-72.64984095199964 41.56266102000046),2017,Connecticut,3575324,21,17,38,,,,,,
POINT (-75.57774116799965 39.008830667000495),2017,Delaware,957942,,,,,,,,,
POINT (-77.036871 38.907192),2017,District of Columbia,697079,,,,,,,445,311,756
POINT (-81.92896053899966 28.932040377000476),2017,Florida,20977089,118,61,179,61759,51240,112999,8994,5216,14210
POINT (-83.62758034599966 32.83968109300048),2017,Georgia,10417031,67,41,108,30711,28117,58828,3520,2522,6042
POINT (-157.85774940299973 21.304850435000446),2017,Hawaii,1425763,12,12,24,,,,,,
POINT (-114.3637300419997 43.682630005000476),2017,Idaho,1719745,13.5,13.5,27,,,,,,
POINT (-88.99771017799969 40.48501028300046),2017,Illinois,12779893,79,70,149,,,,,,
POINT (-86.14996019399968 39.766910452000445),2017,Indiana,6662068,49,29,78,,,,39,45,84
POINT (-93.81649055599968 42.46940091300047),2017,Iowa,3143734,24,8,32,5079,4532,9611,550,411,961
POINT (-98.20078122699965 38.34774030000045),2017,Kansas,2910892,25,18,43,,,,,,
POINT (-84.77497104799966 37.645970271000465),2017,Kentucky,4455590,16,16,32,8901,7071,15972,1071,674,1745
POINT (-92.44568007099969 31.31266064400046),2017,Louisiana,4673673,18,21,39,,,,,,
POINT (-68.98503133599962 45.254228894000505),2017,Maine,1335743,,,,,,,200,123,323
POINT (-76.60926011099963 39.29058096400047),2017,Maryland,6028186,36,32,68,17908,16532,34440,2298,1748,4046
POINT (-72.08269067499964 42.27687047000046),2017,Massachusetts,6863560,43,28,71,,,,,,
POINT (-84.71439026999968 44.6613195430005),2017,Michigan,9976752,75,44,119,,,,3680,2338,6018
POINT (-94.79420050299967 46.35564873600049),2017,Minnesota,5569283,41,14,55,9590,8436,18026,1044,736,1780
POINT (-89.53803082499968 32.745510099000455),2017,Mississippi,2990674,29,18,47,,,,,,
POINT (-92.56630005299968 38.635790776000476),2017,Missouri,6111382,35,33,68,,,,,,
POINT (-109.42442064499971 47.06652897200047),2017,Montana,1053862,,,,,,,,,
POINT (-99.36572062299967 41.6410409880005),2017,Nebraska,1916998,11.5,11.5,23,2543,2326,4869,569,353,922
POINT (-117.07184056399967 39.493240390000494),2017,Nevada,2972097,16,16,32,,,,963,805,1768
POINT (-71.50036091999965 43.65595011300047),2017,New Hampshire,1350395,,,,,,,,,
POINT (-74.27369128799967 40.13057004800049),2017,New Jersey,8888147,63,47,110,29963,24245,54208,3983,2492,6475
POINT (-106.24058098499967 34.52088095200048),2017,New Mexico,2092844,24,17,41,,,,528,480,1008
POINT (-75.54397042699964 42.82700103200045),2017,New York,19593849,149,107,256,,,,,,
POINT (-79.15925046299964 35.466220975000454),2017,North Carolina,10275758,68,48,116,25830,21809,47639,3046,1886,4932
POINT (-100.11842104899966 47.47531977900047),2017,North Dakota,756755,,,,,,,,,
POINT (-82.40426005599966 40.06021014100048),2017,Ohio,11665706,83,52,135,,,,,,
POINT (-97.52107021399968 35.47203135600046),2017,Oklahoma,3933602,29,25,54,,,,,,
POINT (-120.15503132599969 44.56744942400047),2017,Oregon,4147294,49,16,65,6972,5535,12507,721,481,1202
POINT (-77.86070029399963 40.79373015200048),2017,Pennsylvania,12794679,90,42,132,,,,,,
POINT (-71.52247031399963 41.70828019300046),2017,Rhode Island,1056554,,,,2829,2438,5267,484,231,715
POINT (-81.04537120699968 33.998821303000454),2017,South Carolina,5027102,32,37,69,12994,10873,23867,1486,984,2470
POINT (-100.3735306369997 44.353130053000484),2017,South Dakota,873732,,,,,,,150,129,279
POINT (-85.77449091399967 35.68094058000048),2017,Tennessee,6714748,45,27,72,,,,,,
POINT (-99.42677020599967 31.827240407000488),2017,Texas,28291024,144,88,232,,,,,,
POINT (-111.58713063499971 39.360700171000474),2017,Utah,3103540,15.5,15.5,31,3491,2853,6344,,,
POINT (-72.51764079099962 43.62538123900049),2017,Vermont,625132,,,,,,,,,
POINT (-78.45789046299967 37.54268067400045),2017,Virginia,8471011,47,24,71,,,,,,
POINT (-120.47001078999972 47.52227862900048),2017,Washington,7427951,67,38,105,,,,1343,943,2286
POINT (-80.71264013499967 38.66551020200046),2017,West Virginia,1818683,12,12,24,,,,409,223,632
POINT (-89.81637074199966 44.39319117400049),2017,Wisconsin,5793147,34,25,59,11902,9997,21899,1332,686,2018
POINT (-108.10983035299967 43.23554134300048),2017,Wyoming,579994,,,,,,,,,
POINT (-86.63186076199969 32.84057112200048),2018,Alabama,4891628,39,22,61,,,,,,
POINT (-147.72205903599973 64.84507995700051),2018,Alaska,736624,,,,,,,145,102,247
POINT (-111.76381127699972 34.865970280000454),2018,Arizona,7164228,52,40,92,14824,13170,27994,1716,1444,3160
POINT (-92.27449074299966 34.74865012400045),2018,Arkansas,3012161,15.5,15.5,31,5667,4997,10664,772,480,1252
POINT (-120.99999953799971 37.63864012300047),2018,California,39437463,227,160,387,,,,,,
POINT (-106.13361092099967 38.843840757000464),2018,Colorado,5697155,34,12,46,10500,9180,19680,1159,1068,2227
POINT (-72.64984095199964 41.56266102000046),2018,Connecticut,3574561,29,13,42,,,,,,
POINT (-75.57774116799965 39.008830667000495),2018,Delaware,966985,,,,,,,505,443,948
POINT (-77.036871 38.907192),2018,District of Columbia,704147,,,,,,,397,311,708
POINT (-81.92896053899966 28.932040377000476),2018,Florida,21254926,136,75,211,62928,52446,115374,8722,5158,13880
POINT (-83.62758034599966 32.83968109300048),2018,Georgia,10519389,60,38,98,31915,28729,60644,3554,2359,5913
POINT (-157.85774940299973 21.304850435000446),2018,Hawaii,1423102,17,17,34,,,,,,
POINT (-114.3637300419997 43.682630005000476),2018,Idaho,1752074,,,,,,,,,
POINT (-88.99771017799969 40.48501028300046),2018,Illinois,12724685,77,60,137,,,,,,
POINT (-86.14996019399968 39.766910452000445),2018,Indiana,6698481,45,28,73,,,,,,
POINT (-93.81649055599968 42.46940091300047),2018,Iowa,3149900,25,16,41,5006,4251,9257,478,371,849
POINT (-98.20078122699965 38.34774030000045),2018,Kansas,2912748,14.5,14.5,29,,,,,,
POINT (-84.77497104799966 37.645970271000465),2018,Kentucky,4464273,13.5,13.5,27,8950,6953,15903,1159,692,1851
POINT (-92.44568007099969 31.31266064400046),2018,Louisiana,4664450,32,23,55,,,,,,
POINT (-68.98503133599962 45.254228894000505),2018,Maine,1340123,,,,,,,230,123,353
POINT (-76.60926011099963 39.29058096400047),2018,Maryland,6042153,31,18,49,16957,15617,32574,2118,1517,3635
POINT (-72.08269067499964 42.27687047000046),2018,Massachusetts,6885720,39,28,67,,,,,,
POINT (-84.71439026999968 44.6613195430005),2018,Michigan,9987286,56,42,98,,,,3566,2436,6002
POINT (-94.79420050299967 46.35564873600049),2018,Minnesota,5608762,37,25,62,9329,8344,17673,1062,778,1840
POINT (-89.53803082499968 32.745510099000455),2018,Mississippi,2982879,32,19,51,,,,1163,691,1854
POINT (-92.56630005299968 38.635790776000476),2018,Missouri,6125986,43,41,84,,,,,,
POINT (-109.42442064499971 47.06652897200047),2018,Montana,1061818,,,,,,,,,
POINT (-99.36572062299967 41.6410409880005),2018,Nebraska,1925512,11.5,11.5,23,2524,2279,4803,275,199,474
POINT (-117.07184056399967 39.493240390000494),2018,Nevada,3030725,10,22,32,7817,6993,14810,1046,777,1823
POINT (-71.50036091999965 43.65595011300047),2018,New Hampshire,1355064,,,,,,,,,
POINT (-74.27369128799967 40.13057004800049),2018,New Jersey,8891730,51,42,93,28367,23806,52173,4076,2722,6798
POINT (-106.24058098499967 34.52088095200048),2018,New Mexico,2093754,10,10,20,,,,545,488,1033
POINT (-75.54397042699964 42.82700103200045),2018,New York,19544098,168,99,267,,,,,,
POINT (-79.15925046299964 35.466220975000454),2018,North Carolina,10391358,67,27,94,24827,21129,45956,3092,1991,5083
POINT (-100.11842104899966 47.47531977900047),2018,North Dakota,760062,,,,,,,,,
POINT (-82.40426005599966 40.06021014100048),2018,Ohio,11680892,79,45,124,,,,,,
POINT (-97.52107021399968 35.47203135600046),2018,Oklahoma,3943488,20,18,38,,,,,,
POINT (-120.15503132599969 44.56744942400047),2018,Oregon,4183538,37,21,58,6900,5919,12819,667,501,1168
POINT (-77.86070029399963 40.79373015200048),2018,Pennsylvania,12809107,86,49,135,,,,,,
POINT (-71.52247031399963 41.70828019300046),2018,Rhode Island,1059338,,,,2472,2283,4755,400,209,609
POINT (-81.04537120699968 33.998821303000454),2018,South Carolina,5091702,32,28,60,,,,1428,868,2296
POINT (-100.3735306369997 44.353130053000484),2018,South Dakota,879386,,,,,,,176,139,315
POINT (-85.77449091399967 35.68094058000048),2018,Tennessee,6778180,45,32,77,,,,,,
POINT (-99.42677020599967 31.827240407000488),2018,Texas,28624564,133,82,215,,,,,,
POINT (-111.58713063499971 39.360700171000474),2018,Utah,3155153,15,15,30,,,,,,
POINT (-72.51764079099962 43.62538123900049),2018,Vermont,624802,,,,996,803,1799,86,61,147
POINT (-78.45789046299967 37.54268067400045),2018,Virginia,8510920,60,32,92,,,,,,
POINT (-120.47001078999972 47.52227862900048),2018,Washington,7526793,54,32,86,,,,1381,957,2338
POINT (-80.71264013499967 38.66551020200046),2018,West Virginia,1805953,10,10,20,,,,359,237,596
POINT (-89.81637074199966 44.39319117400049),2018,Wisconsin,5809319,36,35,71,11374,9800,21174,1293,693,1986
POINT (-108.10983035299967 43.23554134300048),2018,Wyoming,579054,,,,,,,,,
POINT (-86.63186076199969 32.84057112200048),2019,Alabama,4907965,28,30,58,,,,,,
POINT (-147.72205903599973 64.84507995700051),2019,Alaska,733603,,,,,,,,,
POINT (-111.76381127699972 34.865970280000454),2019,Arizona,7291843,48,39,87,,,,,,
POINT (-92.27449074299966 34.74865012400045),2019,Arkansas,3020985,16,20,36,,,,,,
POINT (-120.99999953799971 37.63864012300047),2019,California,39437610,229,148,377,,,,,,
POINT (-106.13361092099967 38.843840757000464),2019,Colorado,5758486,33,21,54,,,,,,
POINT (-72.64984095199964 41.56266102000046),2019,Connecticut,3566022,20,23,43,,,,,,
POINT (-75.57774116799965 39.008830667000495),2019,Delaware,976668,,,,,,,,,
POINT (-77.036871 38.907192),2019,District of Columbia,708253,,,,,,,,,
POINT (-81.92896053899966 28.932040377000476),2019,Florida,21492056,130,69,199,,,,,,
POINT (-83.62758034599966 32.83968109300048),2019,Georgia,10628020,66,49,115,,,,,,
POINT (-157.85774940299973 21.304850435000446),2019,Hawaii,1415615,12.5,12.5,25,,,,,,
POINT (-114.3637300419997 43.682630005000476),2019,Idaho,1789060,,,,,,,,,
POINT (-88.99771017799969 40.48501028300046),2019,Illinois,12667017,91,80,171,,,,,,
POINT (-86.14996019399968 39.766910452000445),2019,Indiana,6731010,49,37,86,,,,,,
POINT (-93.81649055599968 42.46940091300047),2019,Iowa,3159596,32,22,54,,,,,,
POINT (-98.20078122699965 38.34774030000045),2019,Kansas,2912635,15.5,15.5,31,,,,,,
POINT (-84.77497104799966 37.645970271000465),2019,Kentucky,4472345,22,10,32,,,,,,
POINT (-92.44568007099969 31.31266064400046),2019,Louisiana,4658285,24,16,40,,,,,,
POINT (-68.98503133599962 45.254228894000505),2019,Maine,1345770,,,,,,,,,
POINT (-76.60926011099963 39.29058096400047),2019,Maryland,6054954,53,24,77,,,,,,
POINT (-72.08269067499964 42.27687047000046),2019,Massachusetts,6894883,44,36,80,,,,,,
POINT (-84.71439026999968 44.6613195430005),2019,Michigan,9984795,57,49,106,,,,,,
POINT (-94.79420050299967 46.35564873600049),2019,Minnesota,5640053,44,34,78,,,,,,
POINT (-89.53803082499968 32.745510099000455),2019,Mississippi,2978227,27,31,58,,,,,,
POINT (-92.56630005299968 38.635790776000476),2019,Missouri,6140475,37,23,60,,,,,,
POINT (-109.42442064499971 47.06652897200047),2019,Montana,1070123,,,,,,,,,
POINT (-99.36572062299967 41.6410409880005),2019,Nebraska,1932571,22,14,36,,,,,,
POINT (-117.07184056399967 39.493240390000494),2019,Nevada,3090771,13,13,26,,,,,,
POINT (-71.50036091999965 43.65595011300047),2019,New Hampshire,1360783,,,,,,,,,
POINT (-74.27369128799967 40.13057004800049),2019,New Jersey,8891258,66,47,113,,,,,,
POINT (-106.24058098499967 34.52088095200048),2019,New Mexico,2099634,12.5,12.5,25,,,,,,
POINT (-75.54397042699964 42.82700103200045),2019,New York,19463131,170,117,287,,,,,,
POINT (-79.15925046299964 35.466220975000454),2019,North Carolina,10501384,61,32,93,,,,,,
POINT (-100.11842104899966 47.47531977900047),2019,North Dakota,763724,,,,,,,,,
POINT (-82.40426005599966 40.06021014100048),2019,Ohio,11696507,77,46,123,,,,,,
POINT (-97.52107021399968 35.47203135600046),2019,Oklahoma,3960676,35,15,50,,,,,,
POINT (-120.15503132599969 44.56744942400047),2019,Oregon,4216116,24,17,41,,,,,,
POINT (-77.86070029399963 40.79373015200048),2019,Pennsylvania,12798883,70,50,120,,,,,,
POINT (-71.52247031399963 41.70828019300046),2019,Rhode Island,1058158,,,,,,,,,
POINT (-81.04537120699968 33.998821303000454),2019,South Carolina,5157702,34,16,50,,,,,,
POINT (-100.3735306369997 44.353130053000484),2019,South Dakota,887127,,,,,,,,,
POINT (-85.77449091399967 35.68094058000048),2019,Tennessee,6830325,43,27,70,,,,,,
POINT (-99.42677020599967 31.827240407000488),2019,Texas,28986794,118,87,205,,,,,,
POINT (-111.58713063499971 39.360700171000474),2019,Utah,3203383,12.5,12.5,25,,,,,,
POINT (-72.51764079099962 43.62538123900049),2019,Vermont,624046,,,,,,,,,
POINT (-78.45789046299967 37.54268067400045),2019,Virginia,8556642,62,33,95,,,,,,
POINT (-120.47001078999972 47.52227862900048),2019,Washington,7614024,49,33,82,,,,,,
POINT (-80.71264013499967 38.66551020200046),2019,West Virginia,1795263,,,,,,,,,
POINT (-89.81637074199966 44.39319117400049),2019,Wisconsin,5824581,49,30,79,,,,,,
POINT (-108.10983035299967 43.23554134300048),2019,Wyoming,580116,,,,,,,,,
POINT (-86.63186076199969 32.84057112200048),2020,Alabama,5031362,34,29,63,,,,,,
POINT (-147.72205903599973 64.84507995700051),2020,Alaska,732923,,,,,,,,,
POINT (-111.76381127699972 34.865970280000454),2020,Arizona,7179943,78,43,121,,,,,,
POINT (-92.27449074299966 34.74865012400045),2020,Arkansas,3014195,20,13,33,,,,,,
POINT (-120.99999953799971 37.63864012300047),2020,California,39501653,269,177,446,,,,,,
POINT (-106.13361092099967 38.843840757000464),2020,Colorado,5784865,38,20,58,,,,,,
POINT (-72.64984095199964 41.56266102000046),2020,Connecticut,3597362,34,9,43,,,,,,
POINT (-75.57774116799965 39.008830667000495),2020,Delaware,992114,,,,,,,,,
POINT (-77.036871 38.907192),2020,District of Columbia,670868,,,,,,,,,
POINT (-81.92896053899966 28.932040377000476),2020,Florida,21589602,140,87,227,,,,,,
POINT (-83.62758034599966 32.83968109300048),2020,Georgia,10729828,76,43,119,,,,,,
POINT (-157.85774940299973 21.304850435000446),2020,Hawaii,1451043,15,15,30,,,,,,
POINT (-114.3637300419997 43.682630005000476),2020,Idaho,1849202,11.5,11.5,23,,,,,,
POINT (-88.99771017799969 40.48501028300046),2020,Illinois,1278658,88,89,177,,,,,,
POINT (-86.14996019399968 39.766910452000445),2020,Indiana,6788799,54,25,79,,,,,,
POINT (-93.81649055599968 42.46940091300047),2020,Iowa,3190571,24,22,46,,,,,,
POINT (-98.20078122699965 38.34774030000045),2020,Kansas,2937919,17.5,17.5,35,,,,,,
POINT (-84.77497104799966 37.645970271000465),2020,Kentucky,4507445,29,13,42,,,,,,
POINT (-92.44568007099969 31.31266064400046),2020,Louisiana,4651664,24,23,47,,,,,,
POINT (-68.98503133599962 45.254228894000505),2020,Maine,1363557,,,,,,,,,
POINT (-76.60926011099963 39.29058096400047),2020,Maryland,6173205,45,36,81,,,,,,
POINT (-72.08269067499964 42.27687047000046),2020,Massachusetts,6995729,51,33,84,,,,,,
POINT (-84.71439026999968 44.6613195430005),2020,Michigan,10069577,83,49,132,,,,,,
POINT (-94.79420050299967 46.35564873600049),2020,Minnesota,5709852,59,29,88,,,,,,
POINT (-89.53803082499968 32.745510099000455),2020,Mississippi,2958141,31,27,58,,,,,,
POINT (-92.56630005299968 38.635790776000476),2020,Missouri,6153998,38,21,59,,,,,,
POINT (-109.42442064499971 47.06652897200047),2020,Montana,1087075,,,,,,,,,
POINT (-99.36572062299967 41.6410409880005),2020,Nebraska,1962642,13.5,13.5,27,,,,,,
POINT (-117.07184056399967 39.493240390000494),2020,Nevada,3115648,30,16,46,,,,,,
POINT (-71.50036091999965 43.65595011300047),2020,New Hampshire,1378587,,,,,,,,,
POINT (-74.27369128799967 40.13057004800049),2020,New Jersey,9271689,84,54,138,,,,,,
POINT (-106.24058098499967 34.52088095200048),2020,New Mexico,211839,26,13,39,,,,,,
POINT (-75.54397042699964 42.82700103200045),2020,New York,20108296,187,146,333,,,,,,
POINT (-79.15925046299964 35.466220975000454),2020,North Carolina,10449445,79,47,126,,,,,,
POINT (-100.11842104899966 47.47531977900047),2020,North Dakota,779518,,,,,,,,,
POINT (-82.40426005599966 40.06021014100048),2020,Ohio,11797517,83,61,144,,,,,,
POINT (-97.52107021399968 35.47203135600046),2020,Oklahoma,3964912,35,28,63,,,,,,
POINT (-120.15503132599969 44.56744942400047),2020,Oregon,4244795,32,25,57,,,,,,
POINT (-77.86070029399963 40.79373015200048),2020,Pennsylvania,1299444,97,69,166,,,,,,
POINT (-71.52247031399963 41.70828019300046),2020,Rhode Island,1096345,,,,,,,,,
POINT (-81.04537120699968 33.998821303000454),2020,South Carolina,5131848,58,23,81,,,,,,
POINT (-100.3735306369997 44.353130053000484),2020,South Dakota,887799,,,,,,,,,
POINT (-85.77449091399967 35.68094058000048),2020,Tennessee,6925619,53,39,92,,,,,,
POINT (-99.42677020599967 31.827240407000488),2020,Texas,29232474,136,113,249,,,,,,
POINT (-111.58713063499971 39.360700171000474),2020,Utah,3283785,15,15,30,,,,,,
POINT (-72.51764079099962 43.62538123900049),2020,Vermont,642893,,,,,,,,,
POINT (-78.45789046299967 37.54268067400045),2020,Virginia,8636471,65,55,120,,,,,,
POINT (-120.47001078999972 47.52227862900048),2020,Washington,7724031,78,31,109,,,,,,
POINT (-80.71264013499967 38.66551020200046),2020,West Virginia,179142,,,,,,,,,
POINT (-89.81637074199966 44.39319117400049),2020,Wisconsin,5896271,45,40,85,,,,,,
POINT (-108.10983035299967 43.23554134300048),2020,Wyoming,577605,,,,,,,,,
